,Relation Type,PAN Given,Financial Year,Total Income Shown in ITR
0,self,Y,,None ** Rs 0 ~ None ** Rs 0 ~ None ** Rs 0 ~ None ** Rs 0 ~ None ** Rs 0 ~
1,spouse,Y,,None ** Rs 0 ~ None ** Rs 0 ~ None ** Rs 0 ~ None ** Rs 0 ~ None ** Rs 0 ~
2,huf,,,** Nil  ** Nil  ** Nil  ** Nil  ** Nil
3,dependent1,Y,,None ** Rs 0 ~ None ** Rs 0 ~ None ** Rs 0 ~ None ** Rs 0 ~ None ** Rs 0 ~
4,dependent2,,,** Nil  ** Nil  ** Nil  ** Nil  ** Nil
5,dependent3,N,,None ** Rs 0 ~ None ** Rs 0 ~ None ** Rs 0 ~ None ** Rs 0 ~ None ** Rs 0 ~
6,dependent4,,,** Nil  ** Nil  ** Nil  ** Nil  ** Nil
7,dependent5,N,,None ** Rs 0 ~ None ** Rs 0 ~ None ** Rs 0 ~ None ** Rs 0 ~ None ** Rs 0 ~
8,dependent6,Y,,None ** Rs 0 ~ None ** Rs 0 ~ None ** Rs 0 ~ None ** Rs 0 ~ None ** Rs 0 ~
